                  epoch,         train/box_loss,         train/cls_loss,         train/dfl_loss,   metrics/precision(B),      metrics/recall(B),       metrics/mAP50(B),    metrics/mAP50-95(B),           val/box_loss,           val/cls_loss,           val/dfl_loss,                 lr/pg0,                 lr/pg1,                 lr/pg2
                      1,                 1.7793,                 2.7316,                 2.1286,                0.02948,                0.08899,                 0.0116,                 0.0035,                    nan,                    nan,                    nan,                0.01082,                0.00182,                0.00182
                      2,                 1.8595,                   2.68,                 2.2107,                0.02134,                0.04894,                0.00723,                0.00211,                    nan,                    nan,                    nan,              0.0019933,              0.0019933,              0.0019933
                      3,                 1.8071,                 2.5502,                 2.1316,                0.05404,                0.04894,                0.01155,                0.00298,                    nan,                    nan,                    nan,              0.0019867,              0.0019867,              0.0019867
                      4,                  1.782,                 2.4857,                  2.132,                0.01737,                0.22469,                0.02237,                0.00666,                    nan,                    nan,                    nan,                0.00198,                0.00198,                0.00198
                      5,                 1.6897,                 2.3593,                 2.0535,                 0.0777,                0.08009,                0.01892,                0.00557,                    nan,                    nan,                    nan,              0.0019733,              0.0019733,              0.0019733
                      6,                 1.7122,                 2.3939,                 2.0611,                0.13591,                0.10567,                  0.041,                0.01149,                    nan,                    nan,                    nan,              0.0019667,              0.0019667,              0.0019667
