                  epoch,         train/box_loss,         train/cls_loss,         train/dfl_loss,   metrics/precision(B),      metrics/recall(B),       metrics/mAP50(B),    metrics/mAP50-95(B),           val/box_loss,           val/cls_loss,           val/dfl_loss,                 lr/pg0,                 lr/pg1,                 lr/pg2
                      1,                 2.4148,                 25.151,                 1.8958,                0.25521,                 0.1963,                 0.1476,                0.06584,                    nan,                    nan,                    nan,             0.00027494,             3.1962e-06,             3.1962e-06
                      2,                 2.4245,                 24.715,                 1.9089,                  0.254,                  0.198,                0.15146,                0.06471,                    nan,                    nan,                    nan,             3.1515e-06,             3.1515e-06,             3.1515e-06
                      3,                 2.4209,                 24.755,                 1.8974,                0.24851,                 0.1968,                 0.1435,                0.06087,                    nan,                    nan,                    nan,             3.0981e-06,             3.0981e-06,             3.0981e-06
                      4,                 2.4169,                 24.687,                 1.9044,                0.28787,                0.21134,                0.15689,                0.06682,                    nan,                    nan,                    nan,             3.0447e-06,             3.0447e-06,             3.0447e-06
